"","X1","text"
"1",217,"talla compre misma talla negro quedaron bastante bien elasticados recomiendo compren talla pantalon realmente da ser piernas gorditas ahi si seria bueno talla ma efecto mom contrario queda cualquier pantalon u si recomiendo producto"
"2",70,"compre jeans negro talla quedo super bien aunque apretado piernas piernas grandes llego rapido tela gruesa rigida"
"3",5587,"buen producto u si recomiendo producto"
"4",7,"jeans negro modelo chico pedir talla ma ademas tiro medio alto tela rigida arruga nivel rodillas llego dia despues confirmado pedido u si recomiendo producto"
"5",5134,"facil usar limpiar manejar excelente u si recomiendo producto"
"6",7040,"colchon agradable lamentablemente ma pequeno base cama medida cama plaza rellenar l cabecera cama almohadas completara medida pude cambiarlo esperas producto eternas"
"7",1479,"modelos misma marca compre talla quedo perfecto elastico calce perfecto canse pitillos doblaje abajo desarme q puede quedar ma largoahora esperando q stock azul u si recomiendo producto"
"8",7058,"compre colchon salio defectuoso fecha resuelto"
"9",5170,"problema primeros meses u si recomiendo producto"
"10",302,"tela delgada elasticada super comoda habitualmente talla leu habia pedir dos tallas ma elegi talla ma grande sybilla quedo regio super comodo modelo super simple color igual foto publicitaria bonito calce ahora si buscas modelo mom jeans ma buen clasico u si recomiendo producto"
"11",7228,"excelente producto envio fecha acordada"
"12",7397,"colchon comodo terminaron dolor espalda compre enncyber monday mejor desicion u si recomiendo producto"
"13",7908,"u si recomiendo producto"
"14",7628,"primera vez llego hicieron tira inmediato plastico une ahora despues meses estan sonando resorte recomiendo"
"15",329,"elasticado pedi talla queda grande cintura ademas dia agranda ma lindo comprar talla menos u si recomiendo producto"
"16",5586,"u si recomiendo producto"
"17",5099,"producto malo compres fallo tres meses dia justo expirar garantia tienda si programado decepcionado marca"
"18",1548,"compre talla quedo grande elasticado poto queda bolsa"
"19",7235,"cama bonito colchon siente firme costo dias adaptarme parecia poquito duro acostumbre encanta u si recomiendo producto"
"20",242,"leu comentarios comprar talla ma grande pedi quedaron grandes ir tienda cambiar talla menos quedaron perfectos u si recomiendo producto"
"21",6239,NA
"22",5010,"buen horno lamentablemente duro meses buen uso barras inferiores calentaron ma lastima horno barato"
"23",4987,"buen producto buena relacion precio rendimiento"
"24",1546,"compre pantalones negros talla quedaron perfecto llegaron super rapido u si recomiendo producto"
"25",3244,"u si recomiendo producto"
"26",98,"primera vez compro marca encantaron"
"27",5124,"maravilloso tiempos coccion precisos buen tamano excelente producto relacion precio calidad"
"28",4924,"u si recomiendo producto"
"29",5135,"genial grande recomiendo"
"30",406,"compre dos azul negro pedir talla menos pedi quedaron super bien unico malo negro pegan pelusas creo lavados pasara gustaron u si recomiendo producto"
"31",5298,"excelente horno eficiente comodo seguro encanto u si recomiendo producto"
"32",5214,NA
"33",6999,"colchon duro llevo dos noches usandolo duele fatal espalda pase malas noches recomiendo"
"34",224,"ideal comprar misma talla modelo grande queda anchito tela jeans gruesa color tan blanco"
"35",1582,"compre azul negro compre talla ma azules estupendos mom jeans asi negros ma gruesos ma ajustados ojo misma talla obvio u si recomiendo producto"
"36",7346,"encanto colchon esperaba medidas exactas liviano trasladar u si recomiendo producto"
"37",1453,"podrian reponer tallas color blanco encanta quiero color"
"38",1724,"persona si talla elasticada talla menos debes elegir okay azul foto ma oscuro vista gusto absoluto demas okay ojo corto llega tobillos poquito ma abajo ma"
"39",7285,"u si recomiendo producto"
"40",7290,"cama excelente"
"41",220,"tela elasticada rigida mom clasico super comodo asi luces viejo mamarracho u si recomiendo producto"
"42",1676,"bellos q pedir talla menos comodos amo compre blanco negro quiero q esten disponibles azulrecomendados u si recomiendo producto"
"43",279,"lindo jeans compre azul talla siempre ocupo quedo perfecto envio rapido llego dias super contenta compra u si recomiendo producto"
"44",377,"compren talla normal menos si usan tallas ma grandes compre talla quedo perfecto aparte elasticados amo u si recomiendo producto"
"45",48,"tallas jeans ma pequenas deberia ser talla be definitivamente s ahora hacer largo tramite cambiarlo"
"46",364,"compre pantalon azul numero talla habitual quedaron sueltos esperaba estilo mom guie comentarios decian pedir talla menos menos mal quede talla quizas pedido ma cintura quedaria grande si bonitos esperaba u si recomiendo producto"
"47",5062,"tamano justo temperatura perfecta"
"48",1555,"demasiado lindo encanta have puesto compre azul normalmente talla quedo super bien tan apretado tan suelto tiro alto ombligo elasticado excelente compra u si recomiendo producto"
"49",373,"demasiado elasticado da impresion durara despues quedara suelto variar pedi azul talla llego"
"50",5116,"excelente producto tamano exacto necesario funcionamiento termostato optimo"
"51",5271,"maravilloso buen producto bonito comida queda perfecta recomendado falabella mejor tienda tiempos"
"52",1571,"demasiado elasticado ser <U+0093> mom <U+0094> tendre cambiar compre celeste ma claro have fotos tela delgada gusto pantalon verdad"
"53",55,"super comodos elasticados dejan moverte facilidad deforman lavados u si recomiendo producto"
"54",5194,"u si recomiendo producto"
"55",4853,"realmente excelente buena calidad cocino ahi cero fallas facil usar limpiar relacion precio calidad buenisimo recomendable u si recomiendo producto"
"56",346,"comprando jeans sybilla horma chica comprado leu comprar talla menos guie compre talla quedaron perfecto buen tiro alto"
"57",204,"compre mom ahora probadores estan cerrados probe casa mom quedaron igual skinny pitillos tela buena calidad si u si recomiendo producto"
"58",4872,"comodo bandeja lavable recibir restos comida menciono anteriormente tenia finalmente fondo produjo corrosion haciendole orificio ademas trae tenaza tomar bandejas calientes u si recomiendo producto"
"59",5307,"bueno diseufffd elegante cumple q esperaba necesitaba u si recomiendo producto"
"60",7321,"cama ma grande esperaba esteticamente linda alta primera vez compro cama ortopedica debe claro colchon ma firme cosa acostumbrarse si espaldas necesitan"
"61",7316,"buena calidad comodo confortable super blando ma importante ser ortopedic dolor espalda adios saludos"
"62",1441,"compre negro buena confeccion tela pegan pelusas mascotas tallas estan correctas cintura caderas uso talla quedan tan holgados modelo si super comodos apretados ma bien sueltos u si recomiendo producto"
"63",7489,"maravilloso encanto comodisimo full recomendado u si recomiendo producto"
"64",1763,"alguien puede decir si pantalon celeste celeste azul encargue llega viernes si celeste cancelar compra u si recomiendo producto"
"65",1619,"preciosos buena calidad normalmente talla quedo maravilloso elasticados opinion si quieren ma holgados pedir talla normal ma u si recomiendo producto"
"66",7480,"excelente combinacion precio calidad comodo u si recomiendo producto"
"67",1249,"tiro alto super comodos elasticados pidan talla ma menos azul oscuro celeste talla corresponde si quedaran sueltos u si recomiendo producto"
"68",4909,"facil manejar preparacion quedan bien u si recomiendo producto"
"69",1683,"talla leu comentarios asi pedi quedo increible jeans ma comodo comprado retail parecer si fit tipo mom solo fit tela gruesa mom tampoco tan tan delgada respecto tiro alto llega ombligo maravilloso largo tambien bacan llega tobillo jeans viene arremangado abajo foto relacion calidadprecio adecuada creo definitivamente comprare solo si jejeje u si recomiendo producto"
"70",1572,"verdad hermoso talla toda vida pedi quedaron sueltos cintura si recomendaria talla menos igual ojo tiende hacer unas piezas u si recomiendo producto"
"71",7057,"comodo excelente calidad u si recomiendo producto"
"72",4901,"cumple funcion relacion precio producto bien recomendable u si recomiendo producto"
"73",4991,"buena compra momento funciona bien bandejas rejilla hace practico"
"74",1577,"grandes verdad ven super lindos puesto tela elasticada pedir numero ma si quieres queden bien suelto piernas u si recomiendo producto"
"75",151,"azul compre talla quedo perfecto suelto apretado luego pedi negro misma talla quedo devolver ma chico"
"76",7473,"buen producto especialmente persona tercera edad u si recomiendo producto"
"77",1645,"compre blanco quedo grande pedi talla siempre uso mido quedan demasiado anchos ven feos ademas pegaron muchas motas siquiera usado solo probe compre pensando verian foto pense harto recomiedo minimo talla menos caso ojala sirva uwu"
"78",7179,"maravilloso comodo liviano feliz compra u si recomiendo producto"
"79",7467,"cumplio expectativas calidad ofrece marca u si recomiendo producto"
"80",5051,"exquisito recomendable buen productos hace"
"81",7491,"liviano comodo fresco excelente precio calidad volveria comprar u si recomiendo producto"
"82",90,"compra demoro dias llegar buen leu persona recomendo tallas entonces compre color negro quedo perfecto aliviando comodo tiro alto u si recomiendo producto"
"83",7010,"acabaron dolor espalda u si recomiendo producto"
"84",7326,"buena cama comodo colchon ademas have bonita"
"85",7472,"excelente producto felices compra"
"86",3456,"u si recomiendo producto"
"87",4910,"cumple expectativas liviano practico usar siempre horno grande comidas quedan ricas rapidas hacer recomiendo"
"88",1752,"elasticado efectivamente pedir talla menos u si recomiendo producto"
"89",7572,"cama dura supone acostumbrarse colchon cuerpo mejoraria pasar meses cambiado suena primer dia recomendable"
"90",326,"tela elasticada mom jeans tiesos amoldan figura piernas quedan sueltas resultando forma diferente mom jeans cintura grande"
"91",7295,"cama principio bien despues empezo soltar lados menos ano base rechina colchon sienten resortes"
"92",5113,"devolviendo venia golpe use asi puedo opinar calidad"
"93",7135,"colchon comodo vale pena u si recomiendo producto"
"94",6276,"u si recomiendo producto"
"95",2409,NA
"96",1804,"jeans comodo bonito tiro alto realmente tiro alto tela gruesa u si recomiendo producto"
"97",7362,"producto buena calidad llego tiempo comprometido u si recomiendo producto"
"98",7507,"excelente deforma liviano ultra comodo buena calidad mire u si recomiendo producto"
"99",445,"etiqueta die fit megan mom stretch verdad pitillo poquitito suelto verdadero mom pedi quedaron bien tiro verdad alto"
"100",16,"ma obscure azul azul"
"101",1272,"compre jeans negro pedi talla normal tenia jeans azul pequeno modelo color elasticado u si recomiendo producto"
"102",1297,"si van encargar comprar talla ma ademas ma bien tiro medio revisar mio llego cierre malo"
"103",1614,"pesar recomendaban comprar talla menos decidi comprar misma talla quedo perfecto anchos quedan cintura ombligo quedo levemente amplio tela elasticada holgados"
"104",338,"demasiado comodos comentarios anteriores sirven guia respecto talla comprar asi porfa repongan tono celeste comprarlos u si recomiendo producto"
"105",3329,"u si recomiendo producto"
"106",3126,"u si recomiendo producto"
"107",1455,"repongan tallas colores favor comodos u si recomiendo producto"
"108",5121,"principio okay coccion pan minutos grados ahora min apurar coloco perilla solo tubo abajo luego minutos doy vuelta espumadera lisa fine marzo ano"
"109",7395,"producto comodo cumple todas especificaciones indican buena calidad despacho cumplio entrega fecha acordada totalmente recomendado u si recomiendo producto"
"110",7411,"comodo cubierta suave algodon adapta cuerpo u si recomiendo producto"
"111",1701,"buena tela color elasticado forma da pedi queda super va soltando asi creo pedire ma pequeno color recomiendo u si recomiendo producto"
"112",7448,"perfecto descanso blando durojusto ofrece esperaba"
"113",255,"compre azul negro talla ma uso quedaron sueltos hacian bolsa parte adelante devolvi encontre tienda ahora talla pagina asi esperar volver comprarlos"
"114",4804,"horno calienta bien malo venia parte rota puerta abrirla ra vez solto manilla lleve tienda cambiaron problemas u si recomiendo producto"
"115",4926,"liviano tiempo otorgado coccion platillos eficiente igual sistema calor feliz compra u si recomiendo producto"
"116",1516,"guie tallas tabla caben quedan mom jajaj normalmente tabla compre claro quedan bien calce deberia quedar modelo asi si quieren sueltecitos jeans si si compren talla normal negros ma ajustados comodos buena calidad u si recomiendo producto"
"117",4922,"buena relacion precio calidad u si recomiendo producto"
"118",3488,"u si recomiendo producto"
"119",149,"buena calidad pesar barato unico malo venia alarma aun solucionar tema ahora tienda cerrada u si recomiendo producto"
"120",4779,"excelente feliz compra totalmente recomendable"
"121",7280,"u si recomiendo producto"
"122",7090,"exelente producto espalda quedo encantada colchon pude dormir mejor mejor precio bueno totalmente recomendable"
"123",7270,"buen producto buena calidad patas base colchon recomendable"
"124",7506,"liviano comodo firme descansado maravillosamente ademas funda lavar u si recomiendo producto"
"125",7163,"excelente adquisicion comoda practicum reconfortable duermo placenteramente compre cama cic ortopedic u si recomiendo producto"
"126",113,"buenos jeans buena calidad retiro problemas u si recomiendo producto"
"127",7641,"siempre compres cama cic debes tener espacio listo llegue compra domicilio repartidores instalan inmediato u si recomiendo producto"
"128",1436,"tela pantalon gruesa estilo mom strech buen calce aun si recomendaria talla menos ahi perfecto verdad problema pelusas mascota lleno pelusitas ambiente"
"129",4861,"buena buena buena grande elegante si gusta cocinar hornos excelente"
"130",463,"compre negro celeste compre comentarios quedaron super sueltos cintura quizas quedaria bien celeste ma ajustado negro unico malo tela pegan pelusas aparte okay"
"131",7637,"encantan camas patas altura genial organizar espacio queda confortable totalmente recomendable u si recomiendo producto"
"132",1329,"facil realizar compra llega dias dicen bien material tela gruesa mejor sirve toda temporada uufef u si recomiendo producto"
"133",1538,"pega todoooooo horrible tela pesar leer comentarios comprar talla ma igual queda estilo mom recomiendo"
"134",7271,"excelente producto"
"135",4770,"malo duro solo mes funcionaron ma quemadores superiores"
"136",5054,"compre horno electrico microondas duraron ano fallaron ambos uso horno cerro nunca ma puerta microondas dejo funcionar ademas procesadora duro ano igual"
"137",7017,"llego fecha indicada rico colchon bueno harto relleno sienten resortes recomendable u si recomiendo producto"
"138",1537,"malisimo grueso pegan todas pelusas malo malo"
"139",7068,"cama buena calidad buen diseno unico negativo momento despacho entrega hogar repartidores dejan entrada segun informado porrillos pueden dejarla pieza segundo piso ejemplo u si recomiendo producto"
"140",3679,"u si recomiendo producto"
"141",5301,"excelente buen tamaufffd estufffdticamente lindo dora bien alimentos cocinan excelente cumple acabalidad necesidades u si recomiendo producto"
"142",5095,"esteticamente bonito medidas descripciones parecer verlo fisicamente have ma pequeno indica medidad"
"143",4885,"u si recomiendo producto"
"144",7166,"comodo llego rapido mejor compra cuarentena u si recomiendo producto"
"145",1783,"marca pense comprar mom finalmente decidi quedo bien grande cintura recomiendo comprar misma talla compres siempre sybilla elasticado comodo u si recomiendo producto"
"146",4939,"u si recomiendo producto"
"147",7508,"buena marca despacho llego fecha estipuladabuen servicio u si recomiendo producto"
"148",7523,"demasiado comodo recomiendo totalmente"
"149",5077,"excelente compra facil usar limpiar"
"150",7319,"buen producto atencion entrega eficiente asique segue comprando tienda falabella mucha gracias sigan entrando atencion bueno mochas gracias"
"151",2342,"u si recomiendo producto"
"152",324,"chicas compren celeste mejor negro blanco pegan pelusas tallas normales solo talla qdara olgada modelo super elastcado tela ma bien suave tan delgada transparenta dobles puede bajar qda ma largo si modelo lindo solo q debiera ser mejor calidad teja negro blanco si asi recomendado u si recomiendo producto"
"153",210,"color jeans lindo comodo elasticado feliz compra u si recomiendo producto"
"154",1723,"azul igual pedi dos iguales buen calce vino alarma ojo u si recomiendo producto"
"155",5417,"encanto u si recomiendo producto"
"156",5190,"recomiendo producto excelente calidad u si recomiendo producto"
"157",2401,NA
"158",7080,"buena calidadmucha comodidad u si recomiendo producto"
"159",7398,"cama f<e1>cil armar colch<f3>n aceptable recomentacion recibir producto despacho revisar interior golpes traslado buen precio u si recomiendo producto"
"160",7136,"buena calidad especial buen descanso u si recomiendo producto"
"161",5081,"rapido despacho fecha estimada llego bien caja"
"162",7003,"nunca ma dolor espalda estupenda compra"
"163",336,"comodo talla compre misma elastica do cintura ancho piernas have lindo u si recomiendo producto"
"164",4866,"bueno horno rapido varias funciones asar pollo entero cumple expectativas u si recomiendo producto"
"165",7056,"producto cumple expectativas recien llevamos meses uso sienten resortes definitivamente recomiendo"
"166",4914,"buen horno funciona maravilla u si recomiendo producto"
"167",7514,"recomendable colchon increible u si recomiendo producto"
"168",5230,"mala calidad meses medio quemaron tubos calientan ciudad tienda salia ma barato comprar nuevo viajar reclamar"
"169",1243,"quedaron super ahora quiero comprar negros talla u si recomiendo producto"
"170",7546,"colchon comodo feliz compra esperado"
"171",5223,"producto funciona tan bien mejor horno cocina tradicional calienta forma homogenea alcanza altas temperaturas forma rapida entran bandejas pizza medianafamilia problemas u si recomiendo producto"
"172",7511,"buen producto venia colchon duermo solo base"
"173",1706,"comodo elasticado mom lindo compre negro azul gustan jeans apretados aun asi quedo mejor cintura quedo grande igual have lindo u si recomiendo producto"
"174",209,"pedir talla menos grandes pedi quedaron bien sueltos mom jeans tela elasticada rigida gustaron acostumbrarse estilo u si recomiendo producto"
"175",7575,"pesimo producto colchon dura mes notan resortes"
"176",292,"super comodos parte arriba ajusta super bien cuerpo marca silueta talla compre talla quedaron super compre negro azul u si recomiendo producto"
"177",7287,"buena compra comodo u si recomiendo producto"
"178",7340,"excelente producto hija quedo feliz nuevo colchon coloque estrellas proveedor demoro tiempo despacho"
"179",5143,"buenisimos recomendable u si recomiendo producto"
"180",5126,"buenisimo trae bandejas rejilla da mayor flexibilidad hora cocinar alcanza temperatura bastante rapido quema alimentos hecho budines queques tartas hamburguesas perfecto"
"181",1545,"lindos encantaron grandes quedo perfect negro pelusiento quedan bellos tiro alto elasticados u si recomiendo producto"
"182",476,"buen jeans compre talla ma quedaron grandes asique recomiendo comprar misma talla siempre u si recomiendo producto"
"183",1585,"lindos quedan mom compre talla habitual quedaron jeans apretados abajo sueltos have feo esperaba tendre hacerlos pitillo si quieren mom compren talla ma quedaran sueltos cintura tendran estilo"
"184",102,"gusto buen calce andaba buscando pantalon comodo"
"185",1746,"buen calze super elasticados pedi quedo grande cambie quedo perfecto u si recomiendo producto"
"186",1792,"encantan pesar equivoque talla pedi ma grande pantalones super comodos lindos uufef u si recomiendo producto"
"187",1517,"considerar pantalon elasticado grande talla compre quedaron bien sueltos compre azul lindo jeans compre negro horrible sentido pegan pelusas have feo recomiendo comprar misma talla talla menos"
"188",3235,"u si recomiendo producto"
"189",7348,"colchon maravilloso principio pasan meses pone blando li cambiaron ano sentian resortes nuevo q trajieron va mismo camino recomiendo q dura ma ano"
"190",6246,NA
"191",4821,"excelente tamano horno entran bien pirex grandes primer ano danaron quemadores arriba enviaron servicio tecnico demoro entrega quedo bien hace ma ano u si recomiendo producto"
"192",1726,"compre azul comodo buen material tiro alto elasticado talla compre aun asi quedo suelto mom bien cosa foto sale doblado ma largo momento gusta u si recomiendo producto"
"193",7481,"colchon comodo firme ser liviano u si recomiendo producto"
"194",1267,"lindo modelo demaciado apretado elasticado recomiendo comprar tallas ma usan tiro medio"
"195",4841,"facil programar cocinar instalar encanto hace meses ningun problema calineta rapido deja perfeccion pollo calentar pan hacer queque ademas luce bien u si recomiendo producto"
"196",5105,"cumple expectativas amplio u si recomiendo producto"
"197",1775,"lindo buen calce talla pedi queda perfecto"
"198",293,"compre celeste gusto cargue talla quedo bien u si recomiendo producto"
"199",7164,"facil armar demasiado comoda amo u si recomiendo producto"
"200",5088,"compre regalarlo tenia buenos resultados u si recomiendo producto"
"201",4844,"semana echo perder parte abajo encendia cambiar producto momento bien"
"202",1276,"lindo duro chico pedi talla ma quede holgado aun asi quedo super apretado elasticado modelo amy"
"203",5460,"excelente rapida facil usar lavar hace jugo procesa bien resumen buenisima"
"204",7254,"buen producto hijo encanto comodo u si recomiendo producto"
"205",469,"modelo correcto pantalon mom strech ma estrechos quedan sueltos pierna corte normal mom pantalon tela buena calidad elasticada si estan buscando mom tipicos parecidos modelos straight"
"206",7091,"buen colchon gran grosor buen material u si recomiendo producto"
"207",2369,"u si recomiendo producto"
"208",423,"compre negro azul ambos quedan perfectos buen calce elasticados tiro alto asi quedan bacanes mom compre recomiendo comprar talla normal u si recomiendo producto"
"209",1777,"buena tela elasticados tiro alto comodos modelo si estan mom llama megan mom ajustado talla grande siempre compre queda bien quedaba apretado aun asi si alguien cintura pequena quedaria u si recomiendo producto"
"210",1703,"compre recto queda suelto cintura gusto material pegan facilmente pelos pelusas u si recomiendo producto"
"211",7606,"encanto facil trasladar hacer aseo blandito agradable dormir u si recomiendo producto"
"212",5029,"excelente productocumple bien todas funcionescocina dora perfeccion encantaa u si recomiendo producto"
"213",7027,"super liviano colchon base bonitas recomiendo u si recomiendo producto"
"214",4963,"excelente producto funcionado maravillas facil limpiar bastante amplio"
"215",5161,"buen electrodomestico practico comodo totalmente satisfecha producto horno potente momento dado ningun problema recomiendo u si recomiendo producto"
"216",7296,"excelente u si recomiendo producto"
"217",7292,"u si recomiendo producto"
"218",4,"compre celeste negro celeste queda perfecto negro corre talla ma pequena pedir tallas ma u si recomiendo producto"
"219",1740,"compre talla talla quedo bien dejen guiar talla menos idea jeans quede ajustado si ma bien holgado respecto colores azul azul gustaria saber diferencia si alguien sabe u si recomiendo producto"
"220",300,"tela suaveelastica compre misma talla quedo genialrecomiendo comprar misma talla u si recomiendo producto"
"221",414,"buen calze sybilla generalmente compre quedo super tela elasticada ajusta bien cuerpo u si recomiendo producto"
"222",1765,"pedi color celeste negro talla celeste quedo perfecto diferencia negro tendre cambiarlo devolverlo tiro bastante alto pierna rectum elasticados bastante ajustados mom jeans sueltos colores iguales fotografias u si recomiendo producto"
"223",7134,"buen colchon sacar funda colchon trae cierre puede lavar firmeza comodo recomiendo totalmente u si recomiendo producto"
"224",1588,"material bueno tan mom die piernas anchas compre talla aunque veces marca queda justa vez quedo suelto bastante bonito quede contenta compra u si recomiendo producto"
"225",1235,"verdad compre ninguna gran expectativa comentarios quedaron bien talla corresponde buen calce celeste azul oscuro"
"226",7284,"excelente producto bueno precio u si recomiendo producto"
"227",1625,"queda super bien si piernas ma anchas pedir talla ma normal elegi queda super tiro alto suelto tobillos tela super elasticada u si recomiendo producto"
"228",194,"tosca tela grandes pedi talla menos aun asi quedaron holgados u si recomiendo producto"
"229",7611,"comodo ideal descanzar"
"230",214,"pantalon azul bellisimo comodo recomiendo talla corresponde u si recomiendo producto"
"231",4790,"excelente horno servido enormemente funciona super bien u si recomiendo producto"
"232",1330,"buena tela gruesa igual imagen lindos comodos u si recomiendo producto"
"233",6233,NA
"234",1798,"compre blanco sabia talla marca compre delgada quedaron sueltos ademas elasticados imagino soltara ma tiempo blanco igual have ropa interior dependiendo color u si recomiendo producto"
"235",1785,"compre suelo ser talla habian dicho quedaban ma suelto quedaron re parecido jeans normales quiza ma suelto si tiro alto azul lindo encuentro ven bien u si recomiendo producto"
"236",7464,"excelentte material resistente u si recomiendo producto"
"237",115,"compre negro generalmente talla quedo super si pegan pelusas andar rodillo quita pelusas lados mido peso kg talla referencia"
"238",7577,"c<f2>modo firme tomar bien medidas largo u si recomiendo producto"
"239",1739,"compre azul talla queda bello calse elasticados u si recomiendo producto"
"240",91,"llego tono ma oscuro foto lindo calce buen grosor mezclilla pidan talla ma"
"241",7044,"cama lujo total colchon parecido memory base lujo calidad cama compite balance par par recomendable cama compro dia noviembre debia llegar diciembre llego dia diciembre falabella siempre despachos buenos gratis si elite lujo cama digo"
"242",309,"compre desconfianza azul talla veces hoy llego quedo perfecto quedo suelto encanto calce forma u si recomiendo producto"
"243",118,"hola elegi blanco tela medium semi gruesa flexible semi stresh justo trasluce bueno si rellenita quedan skinny si eliges talla ma puede quedar sueltos tipo mon si tiro alto comodos estacion otono invierno ucufefucufefucufefucufefucufef dato talla quedo perfecto suelto flexible talla corresponde medida publicada u si recomiendo producto"
"244",7038,"acabo comprarla espero arrepentirme si falabella paso cobrar despacho bien cuarentena pasan final producto sale descuento restante cobran igual despacho salio casi cama imagino ma caras espero bueno producto ma"
"245",7647,"respaldo veladores regular calidad colchon base buenos"
"246",3136,NA
"247",1500,"pantalon lindo comodo viene cosido abajo puede desenrollar quede ma largo tipo mom apretado bastante elasticado asi recomiendo comprar talla menos compre talla habitual luego rato usarlo tela dio empezaron hacer bolsas u si recomiendo producto"
"248",3468,"u si recomiendo producto"
"249",17,"elasticado tela tiesa terrible medidas tiro cm cintura cm cadera cm largo cm mido cintura cm cadera cm talla quedo debe ser skinny bien ajustado asfixiante si gusta jeans apegados recomiendo pedir talla ma modelo amy conocen marca sybilla u si recomiendo producto"
"250",1527,"lindo igual foto grande sugiero comprar talla menos habitual u si recomiendo producto"
"251",5045,"compre menos tres meses usandolo ocasionalmente dejo funcionar barras arriba tienda responde debiendo llevarlo cliente directamente servicio tecnico decepcion invirtio supuestamente buen producto"
"252",5248,"encanto <U+00A1> <U+00A1> excelente producto hice budin zapallitos italianos quedo gratinado exquisito recomiendo todas maneras ademas economico gasta casi electricidad"
"253",1541,"tela elasticada asi podria pedirse talla menos pedi talla quedo bastante holgado aunque mom asi buena compra"
"254",7441,"comodo colchon base firme u si recomiendo producto"
"255",5579,"u si recomiendo producto"
"256",1751,"compre talla habitual quedaron bien mom jeans skinny parte abajo ma suelta u si recomiendo producto"
"257",246,"compre talla uso siempre quedaron super bien quedan mom jeans mido quedan cortos u si recomiendo producto"
"258",5267,"producto calidad facil manejo uso accesorios"
"259",5208,"cuanto relacion precio calidad bueno cumple compro u si recomiendo producto"
"260",4766,"cumplio todas expectativas horneado bizcochos pan pita u si recomiendo producto"
"261",7399,"llega tiempo indicado comoda firme exelente compra"
"262",4529,"cumplio expectativas u si recomiendo producto publicada originalmente sodimaccl"
"263",4274,"u si recomiendo producto"
"264",320,"mido caderas cintura compre talla azul generalmente tiro alto medianamente elasticados quedaron super bien cintura muslos quedaron ajustados solo pantorrillas quedaron sueltos si quieres pantalon suelto estilo mom caderona pantalon si quieres pantalon tan pitillo queden medianamente sueltos recomiendo calce bonito tela gruesa delgada parte probable vaya dando usos u si recomiendo producto"
"265",7474,"colchon cumple todas espectativas bueno comodo espectacular u si recomiendo producto"
"266",7105,"cama suena entera peor compra ano"
"267",7039,"antiguos bueno hace anos atras empeque durito mismo compre hace anos mismo plaza horrible deformado resortes notan despiertas dolor espalda cuanto ideal dure colchon malo ma viejito buen"
"268",7614,"u si recomiendo producto"
"269",4563,"buen producto u si recomiendo producto publicada originalmente sodimaccl"
"270",252,"tela jeans buena calidad bonitos encantan"
"271",5041,"excelente producto cumple necesario comprado"
"272",6209,"u si recomiendo producto"
"273",4778,"desilusionada horno funciono bien meses luego quemadores inferiores dejaron funcionar recomiendo"
"274",5264,"buen producto esperemos tal comporta meses ma"
"275",4897,"comienzo satisfecha amplio dos bandejas marzo fallaron barras calentadoras superiores recomiendo"
"276",5127,"bueno calienta parejo forma adecuada lean instrucciones utilizar solicita prenderlo dentro primera vez unico molesta bandeja reja molesta poner producto excelente recomendado u si recomiendo producto"
"277",1480,"pantalon recto bonito mom jean tela gruesa elasticada"
"278",123,"talla corresponde calce cintura perfecto queda hermoso compre azul elasticado u si recomiendo producto"
"279",5183,"facil limpiar u si recomiendo producto"
"280",379,"compre talla menos die comentarios generalmente compre decir modelo have bonito comodo pedi azul llegaron blancos cambie volvieron llegar blancos cuidado talla especificamente"
"281",6186,"practico u si recomiendo producto"
"282",7323,"buen producto acorde especificacion comodo"
"283",4852,"excelente encanto quedado super bien preparaciones facil manejar"
"284",19,"compre azul negro hace tiempo utilizo forma regular destenido soltado excelente calidad encanta largo tiro comodos combinables u si recomiendo producto"
"285",7596,"realmente comodo regalamos padre mayor anos feliz duerme malestar u si recomiendo producto"
"286",4637,"buen producto u si recomiendo producto"
"287",7371,"producto acorde precio comodo compre hace meses momento bien reclamos u si recomiendo producto"
"288",7358,"lamentablemente mala calidad menos meses uso sienten resortes espalda base descocio comenzo deteriorarse"
"289",271,"compre mom tono azul leu comentarios preocupe comentaban quedaba grandes pidieran talla ma pequena probe quedo perfecto pedi talla talla siempre buena calidad relacion precio recomiendo u si recomiendo producto"
"290",77,"quedo bien talla indicada solo pierde rapido color aceptable u si recomiendo producto"
"291",372,"compre jeans azul habia leido ma abajo varias recomendaban pedir talla menos embargo leu unas pocas recomendaban pedir talla habitual usualmente talla veces lamentablemente dia compre talla ma chica asi pedi habia hoy llego jeans decir respecto comodidad tremendamente comodo lamentablemente s<fa>per elasticado seria bueno si lavarlos obvio van dar ma quedaron bastante grandes creo talla habria quedado bien bueno voy achicar todas formas lindo supongo recomiendo tener cuidado tallas u si recomiendo producto"
"292",5285,"buen tamano excelente diseno unico calienta cocinar alimentos cordon enchufe corto ahora funcionado bien"
"293",7304,"facil transportar comoda firme buenisima u si recomiendo producto"
"294",1515,"tal foto talla corresponde tela gruesa u si recomiendo producto"
"295",5262,"buen producto cumple bien fusiones estrellas"
"296",6244,"u si recomiendo producto"
"297",7198,"bueno precio calidad notum diferencia colchones u si recomiendo producto"
"298",4929,"u si recomiendo producto"
"299",5274,"excelente calidad practico momento cocinar"
"300",1342,"jeans buena calidad comodo vez colores lindos"
"301",5228,"amplio permite utilizar bandejas mismo tiempo facil limpiar buena inversion aproveche mejor recurso"
"302",4800,"compre hace meses fallaron quemadores parte superior"
"303",5283,"bueno cuenta bandejas parrilla ademas bandeja residuos excelente ademas fondo ovalado bandejas redondas"
"304",7634,"estructura patas calidad regular deben ser reforzadas tornillos extra respaldo bonito queda alto debe hacerse perforaciones nuevas colchon excelente calidad u si recomiendo producto"
"305",241,"compre azul talla probe quedaron ajustados cambie talla ma quedaran tipo mom jeans aproveche comprar negro azules quedaron bien tipo mom jeans negro si quedaron tipo mom jeans ma sueltos osea talla ma grande color azul color azul buena calidad cambio negro pegan pelusas pelos notum"
"306",4837,"excelente horno cumple funciones llego esperado"
"307",7603,"esperaba"
"308",5117,"excelente tamano horno preciso poder cocinar"
"309",1560,"tan mom jeans compre talla quedaron justo muslos normalmente si quieren quede mom jeans recomiendo comprar talla ma grande si piernas flaquitas comodos verdad negro llena pelusas"
"310",7550,"gusto colchon esperaba malo servicio despacho robaron almohadas cic solo da aspirina decepcionada deberian hacer bien pega nunca ma vida compro"
"311",7907,"u si recomiendo producto"
"312",7379,"liviano firmeza excelente sufro lumbago notado cambio bastante alto comparacion colchon anterior tela suave excelente compra suponia llegaria dias app quinta region demoro dias u si recomiendo producto"
"313",4839,"bueno calienta rapido arrepiento u si recomiendo producto"
"314",1719,"pedi azul color bello elasticados pedi talla menos uso quedaron bien ma probable den asi si gusta ma apretadito podrian pedir tallas menos mom ma ajustados aun asi lindos u si recomiendo producto"
"315",1630,"pedi pantalon azul talla pedi talla menos recomendaron quedo justo si quieren quede suelto mom pidan talla llegan cintura quedan super bellos u si recomiendo producto"
"316",7382,"precio comparado pro momento dormir adios insomnio ubufefubufefubufefubufefubufef u si recomiendo producto"
"317",4830,"funciona perfecto bastante bueno cumplio expectativas"
"318",7512,"colchon liviano fresco comodo hoy problemas altura precisa sabanas cierre lavar cobertor u si recomiendo producto"
"319",7145,"facil rapido armar comodo mucha firmeza"
"320",4936,"buena calidad tenia marca salio puerta u si recomiendo producto"
"321",389,"pedi talla normal quedo bien azul clarito sale foto azul ma oscuro sinceramente ma lindo foto llega"
"322",5066,"excelente rapido horneado perfecto hago parece pequeno u si recomiendo producto"
"323",348,"talla normal pedi talla quedo perfecto grande ojala ma colores precioso u si recomiendo producto"
"324",5204,"cumple indicado catalogo u si recomiendo producto"
"325",2399,"u si recomiendo producto"
"326",1469,"bonitos resaltan caderas hacen ver ancha color lindo tela jeans suave"
"327",7377,"recomendado buena calidad u si recomiendo producto"
"328",7221,"ningun problema cama veladores valen pena mala calidad desarman solo recomiendo compren cama veladores pedi cambio aun realizan"
"329",1637,"celeste tela rigida da elasticado si rigido pone si si elasticado pone u si recomiendo producto"
"330",5191,"diseno rompe esquema cocinafacil manipular excelentesresultados u si recomiendo producto"
"331",5241,"compre horno q cambiar dos meses pues fallaron tubos quemadores have parte superior problema cambio dieron nuevo atencion have vendedora cambio excelente mall dominicos"
"332",455,"compre mom color negro celeste elasticados dejellevar comentarios quedaron grandes u si recomiendo producto"
"333",7533,"cama comoda respaldo veladores lindos expectativas superadas contenta compra"
"334",7106,"hecho mucha ayuda super comodo mama puede levantarse cama recomiendo totalmente"
"335",1696,"talla segui comentarios pedi talla menos quedaron bien mom sino pitillo buen calze elasticado igual queda lindo u si recomiendo producto"
"336",4858,"excelente compratodas preparaciones qe realizado qedan bien"
"337",4516,"buen producto u si recomiendo producto publicada originalmente sodimaccl"
"338",4950,"adecuo bien necesitades tamano sirvio bastante horneado sale excelente u si recomiendo producto"
"339",5082,"contentos compra horno hogar puede cocinar calentar preparar exquisitos platos pollo pizza postres biscochos facil operar amplio interior incluye bandejas ma parrilla facil limpiar recomiendo u si recomiendo producto"
"340",12,"gusto jeans comodo elasticado livianito u si recomiendo producto"
"341",4402,"cumplio expectativas u si recomiendo producto publicada originalmente sodimaccl"
"342",7615,"mejor dormir colchon comodo agradable marca cic recomendable u si recomiendo producto"
"343",276,"si menos cintura trasero ideales tiro super alto comodos mido obvio quedan cortos sabia comprarlos jeans grueso elasticado perfecto u si recomiendo producto"
"344",198,"bonitos comprar talla ma menos negros bonitos tela pegan todas pelusas deben tener cuidado si mascotas gusta andar llenos pelos gata blanca verdad quitando pelos cepillo molesta puede persona si jean bonito vale pena precio pedi despacho gratuito u si recomiendo producto"
"345",7600,"colchon buena calidad recomendado comodo tal have especifica u si recomiendo producto"
"346",5288,"tercer mes barras superiores dejaron funcionar pena bueno empresa respondio hizo efectiva garantia"
"347",7405,"buen producto aunque tardo mes llegar esbuna buena inversion descansar"
"348",440,"compre queria quedara ma suelto usualmente quedo demasiado grande luego cambie x aun asi quedaba grande gusto asi cambie da vez talla quedaron bien incluso entrado tallas grandes u si recomiendo producto"
"349",7535,"facil montar comoda dos base problema subirla escalas u si recomiendo producto"
"350",7463,"bastante comoda adapta u si recomiendo producto"
"351",6758,"buen producto u si recomiendo producto"
"352",5289,"cuatro meses uso barras dejaron funcionar lastima embargo buen funciono eficientemente preparaciones masas reposteria"
"353",427,"color igual foto pedi talk normal jeans quedo bien cintura trasero necesario pedir tallas menos si quieres luzca mom envidiar jeans ma caros u si recomiendo producto"
"354",413,"talla pedi quedo perfecto poquito suelto tipo mom fit ideal persona pitillos quedan apretados pantorrillas quedan super bien piernas anchas tiro alto cm arriba ombligo pedi azul llego identico foto super comodo buena tela modelo megan llego dias"
"355",7421,"comoda facil armar esperaba demoro llegar justo tiempo esperado u si recomiendo producto"
"356",4986,"cumple expectativas ideal preparacio comidas horneadas"
"357",7318,"encanto blandita vez mantiene forma suave comoda"
"358",7540,"excelente colchon comodo realmente valio pena compra u si recomiendo producto"
"359",5176,"u si recomiendo producto"
"360",335,"compre negro talla quedo grande ma encima compre ayer horrible lleno motas"
"361",134,"encanto bien ajusta cuerpo u si recomiendo producto"
"362",7082,"encantoooo justo necesitaba espalda completamente recomendado duro colchon acomoda cuerpo recomiendo persona peso puede perder tension u si recomiendo producto"
"363",4928,"horno lindo diseno comodo reservas quedan exquisitas u si recomiendo producto"
"364",2732,"u si recomiendo producto"
"365",248,"comodos largo cortos compre color negro pegan todas pelusas puedan imaginar"
"366",7548,"colchon bastante comodo solo recomiendo comprarlo tienda tiempos envio falabella pueden superar mes atraso responden ningun medio momento reclamar"
"367",129,"buen material pedi talla llego talla u si recomiendo producto"
"368",7278,"buen colchoncomodo liviano recomiendo confianza u si recomiendo producto"
"369",1602,"guie comentarios compre quedo gigante pantalon bonito talla corresponde u si recomiendo producto"
"370",7401,"exelente producto blandito comodo sueno u si recomiendo producto"
"371",4908,"horno facil usar encanta quedan comidas rapido optimiza tiempo u si recomiendo producto"
"372",5036,"excelente incluso dos bandejas puede cocinar dos cosas ves parece espacioso usarlo demuestra contrario calentar comida excelente gasto consumo limpio u si recomiendo producto"
"373",7121,"colchon cumple die sufro dolor espalda colchon buen dormir u si recomiendo producto"
"374",1796,"jeans tiro alto elasticado talla compre creo talla quedaria ma holgadito aun asi ame tiro queda ombligo mido u si recomiendo producto"
"375",7345,"excelente liviana comoda u si recomiendo producto"
"376",1470,"pantalon lindo segundo lavado comiendo deshilachar abajo bolsillos traseros luego adelante recomiendo bien elasticado"
"377",484,"creo jeans ma comodo sybilla tela gruesa asi ideal epoca calce ma holgado modelo mom jeans asi q si gusta ma ajustado pueden comprar talla menos compre gusta asi ma suelto quedaria bien igual asi depende gusto cada negro ahora compre azul u si recomiendo producto"
"378",1675,"comodos lindos si pidan talla menos quedaron grandes u si recomiendo producto"
"379",7111,"li ia amolda excelente dormir mejor bri da buen descanso u si recomiendo producto"
"380",7097,"colchon hunde pronto base estable"
"381",6997,"compre llevo usandolo aprox mes sienten resortes colchon delgado duro estable resortes hacen pierda toda calidad marca"
"382",1236,"pantalon venia sucio cierre roto ademas ninguna etiqueta decilusion"
"383",1593,"si quieren verdad jeans vea mom pidan talla ma caso pedi talla quedaron perfectos calce cuerpo final jeans normal patas rectas u si recomiendo producto"
"384",7257,"comodo tome mal medida sobro base marca u si recomiendo producto"
"385",7384,"comodo alcanzo cubrir totalidad base cama revisar bien medidas u si recomiendo producto"
"386",4610,"buen producto u si recomiendo producto publicada originalmente sodimaccl"
"387",1689,"compre quedo grande ma estilo boyfriend mom"
"388",1682,"lindos comodos excelente relacion preciocalidad compre negro celeste veces asi compre quedaron bien suelto bien habrian quedado tambien tiro alto bien elasticados gruesos negro ma bien pantalones invierno ma mom strech recto pitillos u si recomiendo producto"
"389",5151,"regale papa diciembre enero funcionaba tratado recuperar factura medio disponibles posible quiero horno ideal marca"
"390",4895,"permite regular temperatura barra facilidad tambien permite habilitar ambas cada barra calor separado superior inferior trae rejilla dos bandejas cocinar u si recomiendo producto"
"391",5064,"eficiente elegante uso diario u si recomiendo producto"
"392",325,"puede decir cuantos cm talla ver si mucha diferencia normalmente si seran grandes u si recomiendo producto"
"393",269,"generalmente compre quedaran ma sueltos aun asi parecen pitillos pierna ancha quedaran sueltos deberia haber comprado"
"394",7088,"excelente colchon tenia ortopedic decidi renovarlo mismo version advance mejor desicion recomendable u si recomiendo producto"
"395",7499,"comodo colchon dolor espalda desaparecio objetivo compra u si recomiendo producto"
"396",7347,"llevo mes maravilla super suave comodo dormir recomendado totalmente"
"397",4964,"buen producto comodo dos bandejas ademas base s extrae limpiar"
"398",3663,"u si recomiendo producto"
"399",99,"comodo usar regale polola dicen comodo u si recomiendo producto"
"400",7552,"llego dia agendado problema surgio sacarlo plastico orillas viene humeda extrano plastico solo colchon"
"401",7054,"pesimo colchon duro mala calidad solo duro meses ahora esperando vengan retirar falabella pasa"
"402",4840,"conforme compra cumple plenamente todas preparaciones realizado u si recomiendo producto"
"403",1335,"comodos elasticacos encantaron"
"404",110,"pantalon lindo comodo cambiarlo talla problemas hacerlo compre retiro tienda demoro dos dias llegar u si recomiendo producto"
"405",4275,"u si recomiendo producto"
"406",1489,"intente comprarlo veces app siempre cancelaban compra finalmente comprar tienda especificamente sybilla stock realmente comodos jeans talla corresponde medidas cm cintura trasero compre talla quedan perfect negro poquito ma suelto azul super poca diferencia"
"407",7599,"blando hunde rigido u si recomiendo producto"
"408",1472,"compre jeans blanco tienda talla quedo suelto cintura asi cambiar celeste talla super comodo parece jeans mom arregle haciendole corte recto parte abajo quedo increible recomiendo si talla pidan talla quede ma ajustado cadera jeans celeste tela buena u si recomiendo producto"
"409",5043,"compre julio hace seis meses fallo puerta cierra"
"410",4849,"buen producto tamano mismo microondas cumple"
"411",7074,"colchon papa quedo feliz comodo u si recomiendo producto"
"412",3256,NA
"413",1341,"lindo comodo tela elasticadalindo calse"
"414",7041,"encanto colchon sufro lordosis definitivamente super buena compra ademas grata sorpresa si mueves persona siente ideal si persona mueve noche finalizar emocion colchon viene funda lavable u si recomiendo producto"
"415",7573,"comodo suficientemente alto quedan marcas hunde buen producto u si recomiendo producto"
"416",363,"talla corresponde encanto bonito combinable u si recomiendo producto"
"417",1338,"super comodo igual foto talla normal bonito puede usar dobles pie dejarlo ma largo"
"418",117,"compre negro rigido llena pelusas tela"
"419",2372,"u si recomiendo producto"
"420",3245,"u si recomiendo producto"
"421",7635,"especifica trae veladores desarmados instalan cama cosa marca mismo nivel servicio si hacen solicitan pago extra armado buen servicio considerando valor ligero material veladores"
"422",5725,"u si recomiendo producto"
"423",6263,NA
"424",5593,"excelente"
"425",7076,"lamentablemente elegi cama malas terminaciones mala calidad material debil horrible"
"426",30,"compre modelo dos colores diferentes color azul oscuro talla azul claro talla lamentablemente llegaron tallas cambiadas realmente lamentable tiempos estan ir tienda cambiar productos cuanto modelo quedan bonitos comodos solo pude quedar color queria debido talla incorrecta u si recomiendo producto"
"427",1579,"compre azul talla super bonito unico malo quedan apretados ser mom fit u si recomiendo producto"
"428",1452,"encanto modelo repongan ma tallas modelos estan hermosos u si recomiendo producto"
"429",1343,"quedan super bien excelente modelocompre segundo tono despues probar calce"
"430",7383,"comodo suave buen material u si recomiendo producto"
"431",453,"chicas recomiendo comprar talla menos pedi talla normal quedaron grandes tendre ir cambiarlos hermosos si ven mom u si recomiendo producto"
"432",7632,"demasiado confortable pareciera ser suave recostarse peso distribuye perfectamente dormido maravilla despacho llego dia coordinado u si recomiendo producto"
"433",175,"queda hermoso excelente calidad u si recomiendo producto"
"434",7213,"colchon bastante comodo solo recomiendo comprarlo tienda tiempos envio falabella pueden superar mes atraso responden ningun medio momento reclamar"
"435",5265,"horno marca trotter espectacular cambio vida amplio cabe quieras cocinar mejor luz asi puedes ver cocinas"
"436",4626,"bueno u si recomiendo producto"
"437",1762,"pedi talla quedo bien color ma oscuro sale foto have celeste llego azul tambien pedi hermana tambien azul llego blanco mala experiencia mal rato tendra cambiar si bonito jeans"
"438",4772,"compre horno hace cuatro anos ningun inconveniente buenisimo compra presencial u si recomiendo producto"
"439",6994,"excelente colchon base mala calidad trizo solo sentarme borde cama ahora cada ves acuesto cruje"
"440",5240,"descompuso despues meses uso pesima compra"
"441",1315,"precioso talla precisa tiro alto"
"442",5145,"elegante diseno variados tipos coccion superficie calienta lados calienta arriba horno acumula calor recomendable tener espacio evitar inconvenientes comida queda espectacular"
"443",1600,"cadera cintura pedi talla quedo super bien tela gruesa quedan bonitos tiro alto u si recomiendo producto"
"444",89,"pantalones negros foto salen doblados estan cocidos solo pa foto"
"445",5250,"buen producto buena relacion precio calidad"
"446",2376,"cumple expectativas u si recomiendo producto"
"447",6264,"u si recomiendo producto"
"448",7083,"noto diferencia notum calidad contento compra u si recomiendo producto"
"449",7208,"facil armar comoda problemas dos meses llevo u si recomiendo producto"
"450",362,"ma dificil subi peso encontrar desfigure cuerpo saque barriga deje bien vestida jeans cumple todas mujeres flacas gorditas tela gruesa marca imperfecciones ademas estiliza figura pidan talla menos normal pedi <U+00A1> quedo brutal u si recomiendo producto"
"451",7240,"sueno cumplido duermo angelito excelente producto recomiendo"
"452",7475,"exquisito vez acostumbras dormir perfecto u si recomiendo producto"
"453",7004,"luego dias uso rompe cama vuela rueda superior fome tube esperar entrega mala ecjo pasados solo dias rota base solicite reposicion producto ojala cumplan decepcionado compra"
"454",1551,"queda mom jeans have pitillo ma tela elasticada normalmente talla quedo suelta cintura"
"455",4898,"usado calienta harto hacia arriba manual die deben haber cm espacio arriba cm lado considerar u si recomiendo producto"
"456",1716,"compre azul aparecen foto comodos medianamente elasticados tiro bien alto pedi talla basement quedaron fantastico llegaron dentro plazo comprometido u si recomiendo producto"
"457",7368,"comodo colchon duro agradable senora feliz nuevo colchon amanece dolor columnarealmente contento haberlo comprado u si recomiendo producto"
"458",4291,NA
"459",1242,"pedi misma talla siempre quedo super bien tela gruesa llego dias u si recomiendo producto"
"460",1280,"general uso talla pedi quedo perfecto u si recomiendo producto"
"461",5185,"buen producto resulta facil usar u si recomiendo producto"
"462",5201,"u si recomiendo producto"
"463",5221,"excelente producto u si recomiendo producto"
"464",74,"gusto muchisimo compre negro talla super quedan super lindos tan elasticados jeans ahora cortos u si recomiendo producto"
"465",7359,"duro colchon comparado misma marca"
"466",295,"compre azul jean corte mom jean pitillo ajustados color corresponde foto deberian tomar fotos real xq pierde tiempo devolverlos etc"
"467",5205,"amplio necesito tipico horno hacer u si recomiendo producto"
"468",1273,"talla pedi jeans quedo pequeno recomendaria pedir talla ma"
"469",7487,"compre hace meses dolor espalda ahora desaparecieron buen colchon precio accesible"
"470",5295,"compre horno meses quemaron barras calor pesimo recomendaria"
"471",4937,"hago pan dias queques reposteria tamano ideal calienta rapido muchas funciones recomendable compre precio oferta mejor felicidades u si recomiendo producto"
"472",5069,"momento ningun problema uso dias u si recomiendo producto"
"473",7115,"comodo excelente buen descanso recomendable u si recomiendo producto"
"474",1643,"hola pueden responderson si si asi cortos si solo estan doblados obvio pueden desdoblar piernas largas jeans cortos suelen quedarme aun ma cortos gracias"
"475",1459,"repongan tallas ma clarito talla favor u si recomiendo producto"
"476",5155,"u si recomiendo producto"
"477",1284,"si tiro alto tela gruesa elasticada quedo bien tiro pedi quedo bien u si recomiendo producto"
"478",5067,"facil manejar liviano momento ningun problemas horno u si recomiendo producto"
"479",5692,"u si recomiendo producto"
"480",1326,"compre jeans modelo azul ma oscuro negro llegaron tiempo estimado embargo mismos colores publicacion negro tonalidades plomo jeans azul tan azul ademas tener ojo tallas modelo negro ma pequeno azul caso apesar jeans comodo tela tan elastica si llega desgastado imagenes solo tener ojo pedir talla ma modelo ma pequeno u si recomiendo producto"
"481",7364,"super buena relacion precio calidad realmente comodo gran compra u si recomiendo producto"
"482",1456,"compre color negro talla primera quedo apretado cintura segunda postura primer lavado hicieron ma holgados comodos tela gruesa quedan tan estilo mom ajustados pierna bota problema llenan pelusas cualquier pelito queda pegado sobretodo pelos animales"
"483",7289,"u si recomiendo producto"
"484",76,"bellisimo estilo mom fit da hermosa figura segui consejos comentarios pedi talla ma pedi quedaron perfectos u si recomiendo producto"
"485",294,"material suave elasticado usualmente talla quedaron perfectos"
"486",53,"elasticado pedi talla quedo pequeno tiro medio"
"487",5402,"u si recomiendo producto"
"488",5164,"precio ma elevado promedio hornos mercado vale pena amplio facil uso totalmente recomendado u si recomiendo producto"
"489",1495,"compre azul quedo si jeans normal pense ser mom quedaria holgado recomiendo comprar talla ma igual cambiare super comodo amo uufef u si recomiendo producto"
"490",7253,"producto gran calidad comodidad anteriormente tenia buenas versiones plaza modelo grande igualmente bueno u si recomiendo producto"
"491",66,"buena tela guie comentarios pedi quedaron perfectos ajusta bien cuerpo mejor demoro llegar"
"492",1279,"compre jeans blanco guiandome comentarios verdad chico cintura compre subio cierre tela transluce demasiado tendre cambiar color talla u si recomiendo producto"
"493",1281,"conforme compra talla quedo perfecta elasticado bien u si recomiendo producto"
"494",7113,"excelente calidad comienzo siente duro despues adapta cuerpo garantia anos u si recomiendo producto"
"495",465,"segui consejos comentarios compre talla menos quedo super"
"496",1776,"compre pantalon negro mom perfecto tela tambien quedo grande compre talla normalmente talla asi ideal seria talla menos u si recomiendo producto"
"497",7252,"regale mama rico parece nube"
"498",1544,"buen pantalon elasticado asi comprar talla correcta azul negro negro buen pantalon negro pegan pelitos instante negro pedi talla ma queda grande cintura ancho piernas quedo perfecto cintura ma apegado piernas asi dependera gustos u si recomiendo producto"
"499",5156,"llevamos ma meses producto perfecto alimentos quedan punto perfecto hecho pollo queque pastel papa lasana pie limon ningun problema accesorios funcionan bien encanta u si recomiendo producto"
"500",7151,"excelente producto compramos regalo hija encanto comoda bella sobretodo colchon funda cierre totalmente recomendable u si recomiendo producto"
"501",5075,"excelente producto recomendado"
"502",5296,"excelente horno facil usar recomiendo"
"503",7215,"cama maravillosa partida costo armarla facil solo apernar patas parte colchon maravilloso comodo despacho realmente increible llegaron dia acordado primera hora quede feliz u si recomiendo producto"
"504",27,"pedi azul claro talla quedo bien llego cremallera mala"
"505",237,"hola compre color negro talla quedo grande cintura caderas anchas arriba ma delgadita cinturon pueda solucionar tan mom hace bonita figura mido quedaron tan largos piernas super elasticados ojala repongan azul gustaron bastante u si recomiendo producto"
"506",466,"comodos tela elasticada compre negro celeste celeste menos elasticado negro cede menos usarlo u si recomiendo producto"
"507",94,"compre jeans blanco modelo calce gusto trasluce ropa interior ende uso"
"508",5209,"u si recomiendo producto"
"509",7433,"esperabamos colchon ma grueso comodo menos ser nuevo cumplio expectativas casi meses compra principio mala experiencia"
"510",1700,"pantalon mom tela medianamente elasticada personalmente compre talla quedado bien cadera queda bien cintura queda ancho triangulo invertido cintura pequena soluciona cinturon compre colores tela azul diferente blanco negro ultimos ma denim tradicional compre principio ano ma baratos ahora u si recomiendo producto"
"511",148,"ma bien grueso comodo elasticado trasluce compre enero llego excelente compra u si recomiendo producto"
"512",71,"super pantalon solo cortos igual puede ser ma alta talla precisa quedan bien u si recomiendo producto"
"513",5275,"super buen producto spiedo genial ponerle papel aluminio bandeja abajo dure ma"
"514",1670,"pantalones lindos buen calce parecer ma grandes normal generalmente uso pedi q quedaran bien <U+0093> mom jeans <U+0094> dmc grandes recomiendo q pidan talla menos ojala sirva"
"515",7477,"colchon rico agradable acostarse siente durito per tan comodo senora bendiion amanecimos bien dolor columna u si recomiendo producto"
"516",7222,"llego fecha indicada liviano comodo textura agradable notum calidad superior respecto colchones tradicionales u si recomiendo producto"
"517",49,"si alguien ayuda compre talla negro quedaron perfectos informacion tela jeans gruesa tiro medio alto elasticado mido largo quedaron bien perfectos usar botines encantaron u si recomiendo producto"
"518",7598,"ventaja base dividida puede movilizar facilmente ascensor traslado general patas estilo europea facilita limpieza debajo necesite guardar cosas favorece espacio patas madera hacen ver elegante viene pieza atornilla ambas base queden fijadas colchon funda cierre removible si mancha puede llevar lavadora volver poner l estructura colchon ser ortopedic ma firme cosa acostumbrarse luego hace agradable descanso"
"519",7168,"comodo buen descanso u si recomiendo producto"
"520",7095,"colchon calidad medium compre hace meses sienten resortes recomiendo base box si alta calidad"
"521",1518,"compre talla menos quedaron super super comodos elasticados llegaron fecha indicada contenta compra u si recomiendo producto"
"522",5226,"liviano practico cumple bien creado u si recomiendo producto"
"523",119,"modelo lindo calidad pantalon mala llena pelusas primer lavado recomendaria volveria comprar"
"524",7093,"colchon excelente base fiasco cruje demasiado mala calidad union plastica duro rompio plasticos van orilla have base salieron horrible decision comprar base dividida"
"525",68,"lindo ajusta figura gusto talla pedi misma quedo hermoso u si recomiendo producto"
"526",487,"compre celeste tiro alto quedan holgados comodos talla compre quedan perfectos u si recomiendo producto"
"527",4892,"buen tamano cabe rapido u si recomiendo producto"
"528",7503,"compramos cama hijo excelente compra hijo despierta todas energias u si recomiendo producto"
"529",1712,"talla siempre elastica do u si recomiendo producto"
"530",1655,"demasiado elasticado pierde forma hermosa mom ma bien straight material tan bueno llena pelusas rapidamente"
"531",5038,"excelente encanto uso dufffdas queda rico doradito u si recomiendo producto"
"532",7462,"excelente comodo cien ciento recomendable u si recomiendo producto"
"533",7616,"dos meses uso momento bien gusta comodo u si recomiendo producto"
"534",5704,"u si recomiendo producto"
"535",58,"bonitos pedi quedaron bien u si recomiendo producto"
"536",382,"pedi hiper elasticado tiro alto tapa ombligo pedire negro estan super relaicon precio calidad u si recomiendo producto"
"537",306,"compre talla quedaron perfectos super buen calze lindo color superaron expectativas u si recomiendo producto"
"538",7101,"comoda cama respaldo horrible pedazo madera simplemente aparte hacerle oyos clavarlo base pena compra desepcionada total"
"539",7154,"buen colchon ma gustado cierre funda envuelve poder lavarla buena idea u si recomiendo producto"
"540",128,"hermosos estilo momjeans tiro alto talla quedaron perfectos pidan talla u si recomiendo producto"
"541",22,"compre color azul tela super dura segui tabla tallas encanta sibylla modelo decepciono quedo justo asi recomendaria comprar talla ma"
"542",471,"compre color negro buena tela talla corresponde seleccionada quedan sueltos tal indica estilo jeans u si recomiendo producto"
"543",1685,"talla pantalon pedi quedo perfecto ojala ma colores u si recomiendo producto"
"544",142,"pantalon comodo bonito recomiendo pedir talla ma costumbre cintura muslo ajustado ser mom jeans verdad generalmente quedo perfecto amiga compro quedo bien tambien espero util u si recomiendo producto"
"545",7119,"comodo estructura estable permite buen descanso recomiendo ojos cerrados u si recomiendo producto"
"546",7493,"bueno colchon compramos pobremas espalda resulto fantastico chao dolor bueno precio almohadas tambien buenas comodas buena compra recomiendo"
"547",221,"talla compre quedo grande veia bien use hr ahora queda enorme suelto lados lindo pantalon creo talla dos menos seria mejor pensando agranda uso"
"548",132,"bellos negros blanco pegan demasiado pelusas corresponde talla"
"549",1491,"encanto modelo comodo realmente favorece ire negro ahoraademas entrega rapidisima dia sorprendieroncarita feliz falabella u si recomiendo producto"
"550",449,"color igual foto efectivamente talla grande normalmente compre quedaron bien buen calce u si recomiendo producto"
"551",347,"skinny jeans compre blancos quedan perfectos mom deberia quedar incluso quedado bonitomas oversize"
"552",1319,"hermoso buena calidad genero llego dias compre gracias falabellau"
"553",4862,"producto calienta funciona bien temperatura horribleee poder calcular ejemplo segundos menor tiempo calienta cuesta demasiado regular perilla principio sonaba rejilla atras ventilacion suelta ahora meses depuesta motor gira plato interior suena faltara aceite sonido supe desagradable verdad recomiendo microondas tampoco volveria comprar"
"554",4650,"si cumplio expectativas u si recomiendo producto publicada originalmente sodimaccl"
"555",1590,"corresponde talla ajusta bien cuerpo mom compre azules tiro alto super comodos ven buena calidad precio super bien unico mom u si recomiendo producto"
"556",1301,"lindos pedi talla color celeste negro celeste ma grande negro recomiendo pedir tallas ma cambiar apretaba tobillo u si recomiendo producto"
"557",7609,"buen producto esperaba u si recomiendo producto"
"558",1794,"compre negro primero tela gruesa ahora llego azul super delgado tela elasticada telas mismas tallaje coincide negro talla azul talla"
"559",5033,"gustufffd horno exactamente esperufffdbamos eficiente cumple toda descripciufffdn u si recomiendo producto"
"560",7018,"demoro mucha espera ma mes responsable fecha indiicada"
"561",7299,"buen producto buen precio calidad excelente confort comodidad dormir u si recomiendo producto"
"562",7288,"u si recomiendo producto"
"563",173,"super bueno pantalon super elastica do recomiendo pedirse talla menos verdad estira tela super fresca tiro alto super bonitos comodos ame u si recomiendo producto"
"564",133,"jeans celeste mejor calidad buena tal foto elasticados si quieres queden mom debes comprar dos tallas ma normalmente u si recomiendo producto"
"565",1715,"hermoso mom tiro super alto recomiendo pedir talla menos pedi talla uso regularmente aveces tambien uso menos habria quedado apretado dos tallas menos habria quedado menos encanten jeans ultra apretados pidan talla menos pidan talla u si recomiendo producto"
"566",403,"compre dos azul negro talla existen diferencias ambos azul queda ma ajustado cintura diferencia negro queda grande tela tambien distinta azul ma jeans negro ma tela provoca peguen ma pelusas siento precio estan bastante bien gustan ambos definitivamente quedo ma azul u si recomiendo producto"
"567",1274,"dos colores calce super lindo blanco trasluce incluso ropa interior blanca u si recomiendo producto"
"568",4941,"buen producto buena capacidad deja dorado linda presentacion u si recomiendo producto"
"569",7205,"gusto cama hace meses sigo contento compra ise ademas facil armar mucha ma comodas camas u si recomiendo producto"
"570",7520,"buena eleccion precio calidad comprar midan colchon pueden quedar cortos"
"571",5084,"producto falla decepcionado compra llama atencion marca disenando productos mala calidad ma considerando diversidad marcas q existe mercado favor verificar comentarios clientes comprar producto"
"572",7053,"colchon desliza queda fijo resortes moverme escucho duermo solo peso ma kilo incomoda"
"573",7436,"solo queja tela base abajo venia mal corcheteada daba aspecto rasgada"
"574",1673,"compren dos tallas menos segui comentarios super super comodo elasticado tiro alto llego okay u si recomiendo producto"
"575",5118,"bastante bueno precio buena marca"
"576",4893,"horno practico eficiente gran compra u si recomiendo producto"
"577",5157,"realmente excelente cocino ahi cero fallas facil usar precio buenisimo recomendable u si recomiendo producto"
"578",7369,"encanto justo esperaba ahora descansar tranquilo have u si recomiendo producto"
"579",7125,"compro matrimonio tercera edad estan fascinados casi meses llevan descansando u si recomiendo producto"
"580",1493,"compre talla menos aun asi quedo grande ademas elasticado pesimo calce devolvere"
"581",5065,"excelente producto cumple funciones buen precio calidad u si recomiendo producto"
"582",1244,"compre celeste queda bien tela puedes ocupar invierno noches verano buen calce quedo perfecto u si recomiendo producto"
"583",1554,"lindos comodos talla dependiendo modelo quedaron perfectos tiro alto estilizan muchisimo figura compre cada color tela buena calidad tres modelos recomiendo totalmente u si recomiendo producto"
"584",7568,"comodo excelente colchon recomiendo u si recomiendo producto"
"585",5582,"u si recomiendo producto"
"586",5083,"<U+00A1> <U+00A1> buen producto gasta minimo electricidad hornea maravilla"
"587",1725,"compre negro azul generalmente compre quedan bien justos talla ma quedado grande relacion material negro llena motitas pega azul elasticado bonito modelo bien fit notum van soltar calidad material precio creo bien producto"
"588",43,"jeans tela rigida ello quedo compre modelo igual sybilla quedo bien talla"
"589",1596,"elasticados comodos buen calce generalmente talla pantalon compre azules quedaron perfectos buena compra recomiendo encantaron u si recomiendo producto"
"590",2378,"u si recomiendo producto"
"591",5056,"excelente producto cumplio todas expectativas llego tiempo estimado"
"592",268,"compre ma bien shinny mom"
"593",238,"ame mom azules maravillos comodo ven fantasticos u si recomiendo producto"
"594",1499,"jeans quedo perfecto talla retire tienda fecha pactada comodo lindo u si recomiendo producto"
"595",4781,"mala compra quinto mes dejaron funcionar quemadores superiores"
"596",5251,"buen horno gran calidad facilidad funcionamiento"
"597",7005,"producto buena calidad solo larga tiempo espera"
"598",160,"calce bueno llenan pelusas"
"599",2629,"u si recomiendo producto"
"600",5140,"compramos urgencia echo perder horno cocina misma marca mismas funciones prefiero mil veces cocina tamano funcionamiento horno amplio firme lindas terminaciones buen material have lindo cocina permite cocinar cualquier cosa da calor fuerte parejo distintas funciones calor superior inferior junto separado bandejas esmaltadas lata ademas fierro pollo spiedo cabe pizza grande fuentes medianas tener espacio hacia arriba sale calor delante parte cierra puerta parte superior horno calienta si prendido rato paredes laterales calientan recomiendo excelente alternativa horno unico casa compre oferta bbb u si recomiendo producto"
"601",5022,"cumple funcion calidad interior pesima compramos hace semana lata removible pelo toda caer jugo pollo"
"602",3340,"u si recomiendo producto"
"603",478,"verdad <U+0093> tan <U+0094> mom elasticados tela delgada claros talla compre comentarios leu si quieres queden mom ma sueltos comprar menor talla tiro alto comodo esperaba"
"604",4838,"liviano tamano cumple requerimientos excelente espacio interior encanto"
"605",7367,"colchon comodo firme buena textura excelente calidad u si recomiendo producto"
"606",7415,"liviano trasladar colchon u si recomiendo producto"
"607",188,"hija gustan u si recomiendo producto"
"608",5104,"super buen horno relacion precio calidad trae topo tenaza sacar bandejas quemarse calienta super alimentos facil limpiar gracias bandeja trae abajo sacar limpiar buenisimo u si recomiendo producto"
"609",5282,"pesimo primer uso note timer funcionaba perilla giraba lado bandejas quedan demasiado sueltas caen aplica peso poner recipientes asaderas pequenas cocinar"
"610",1698,"tratando comprarlo azul aparece blanco carro"
"611",2622,"excelente producto u si recomiendo producto"
"612",7223,"excelente producto estructura firme colchon comodo llevo meses producto ningun problemas ma espalda agradevida mejor nunca"
"613",4871,"buen producto meses ocupandolo horneado pan postres incluso masilla epoxica dado ningun problema perilla inexacta pongo cronometro aparte siento dane calidad producto"
"614",1492,"pedi talla ma quedara suelto quedo gigante cintura lindo super elasticado tallas ma grandes normal talla aprox pedi talla aprox talla pedi talla u si recomiendo producto"
